[{"id":"2","description":"hiiiii ","author":"Danik","photoLink":"https://pp.userapi.com/c836128/v836128564/781db/oUTc-lJYU8Q.jpg","hashTags":["#wqe","#travel","#happy"],"likes":["Veronika","Dantes","Kuzmikas","Valaikas"],"createdAt":"2018-04-10T15:17:05.178Z","deleted":false},{"id":"6","description":"qw-то. ","author":"Dima","photoLink":"https://pp.userapi.com/c836128/v836128564/781db/oUTc-lJYU8Q.jpg","hashTags":["#wqe","#travel","#happy"],"likes":["Veronika","Dantes","Kuzmikas","Valaikas"],"createdAt":"2018-04-10T15:17:46.563Z","deleted":true}]