[{ "_id" : "5b0597b7aaddd26a2761e9dc", "description" : "Гуляем по улицам прекрасной Варшавы", "createdAt" : "2014-02-10T05:10:00.000Z", "author" : "Kuzmikas", "photoLink" : "https://pp.userapi.com/c836128/v836128564/781bd/p5HCV9Ogpp4.jpg", "deleted" : false, "hashTags" : [ "#Warsaw", "#Poland", "#travel", "#life" ], "likes" : [ "Beauty_boy", "Dimaskas", "Money_maker", "Veronikas", "Dima" ] },
  { "_id" : "5b0597b7aaddd26a2761e9dd", "description" : "Главная площадь в Варшаве", "createdAt" : "2015-02-02T14:25:00.000Z", "author" : "Dima", "photoLink" : "https://pp.userapi.com/c836128/v836128564/781b3/orYNGnLFpIc.jpg", "deleted" : true, "hashTags" : [ "#Warsaw", "#Poland", "#happy" ], "likes" : [ "Cool_boy", "Funny Hourse", "Eva Maria" ] },
  { "_id" : "5b0597b7aaddd26a2761e9de", "description" : "Прогулка по Праге", "createdAt" : "2018-02-20T05:10:00.000Z", "author" : "Greg", "deleted" : true, "hashTags" : [ "#Praha", "#square", "#people" ], "likes" : [ "Veronikas", "Cool_boy", "Funny Hourse", "Eva Maria", "Dima" ] },
  { "_id" : "5b0597b7aaddd26a2761e9df", "description" : "Трамвайчик на улице Праги.", "createdAt" : "2015-01-17T17:18:00.000Z", "author" : "PhotoLife", "photoLink" : "https://pp.userapi.com/c836128/v836128564/7819f/PIG85Xh6GYI.jpg", "deleted" : true, "hashTags" : [ "#photo", "#travel", "#interesting" ], "likes" : [ "Dantes" ] },
  { "_id" : "5b0597b7aaddd26a2761e9e0", "description" : "Дорога в никуда", "createdAt" : "2018-01-28T13:41:00.000Z", "author" : "PhotoLife", "photoLink" : "https://pp.userapi.com/c836128/v836128564/78195/Lzql3EPgQyA.jpg", "deleted" : true, "hashTags" : [ "#photo", "#life", "#road", "#night", "#light" ], "likes" : [ "Kristy133", "Cool_boy", "MindyK", "Nelly_Mole", "Dantes", "PhotoLife", "Dima" ] },
  { "_id" : "5b0597b7aaddd26a2761e9e1", "description" : "Мотыльки...", "createdAt" : "2018-01-17T13:46:00.000Z", "author" : "Kristy133", "photoLink" : "https://pp.userapi.com/c836128/v836128564/78195/Lzql3EPgQyA.jpg", "deleted" : false, "hashTags" : [ "#Prague", "#Life" ], "likes" : [ "KevinAdams", "Freddy14_03" ] },
  { "_id" : "5b0597b7aaddd26a2761e9e2", "description" : "Литва)))))))", "createdAt" : "2018-01-20T14:37:00.000Z", "author" : "KevinAdams", "photoLink" : "https://pp.userapi.com/c841130/v841130235/7615d/p6h6-Mq9Ynk.jpg", "deleted" : false, "hashTags" : [ "#Vilnius", "#Litva", "#travel" ], "likes" : [ "Nik Reid", "Linda Clain", "MindyK", "Dima" ] },
  { "_id" : "5b059badaaddd26a2761e9e4", "description" : "Клевая фоточка с клевого места", "createdAt" : "2018-02-01T11:38:00.000Z", "author" : "Mary Dale", "photoLink" : "https://pp.userapi.com/c824409/v824409235/d75fd/U9CskC6GHeM.jpg", "deleted" : false, "hashTags" : [ "#Switzerland", "#Berne", "#home" ], "likes" : [ "Kristy133", "Nelly_Mole", "KevinAdams", "MindyK", "Mary Nice", "Dima" ] },
  { "_id" : "5b059badaaddd26a2761e9e5", "description" : "Забрались и смотрим из крутого места на фонтачик...", "createdAt" : "2018-01-29T08:07:00.000Z", "author" : "KevinAdams", "photoLink" : "https://pp.userapi.com/c834300/v834300235/ddbb7/TPxaWfKpZoU.jpg", "deleted" : false, "hashTags" : [ "#hashtag", "#life", "#travel", "#water" ], "likes" : [ "Mary Dale", "Mike_Cool_Guy", "Nata_Travel" ] },
  { "_id" : "5b059badaaddd26a2761e9e6", "description" : "Классная гора", "createdAt" : "2013-01-15T12:43:00.000Z", "author" : "PhotoLife", "photoLink" : "https://pp.userapi.com/c834104/v834104235/db573/nSqaJbfcrbw.jpg", "deleted" : false, "hashTags" : [ "#France", "#beauty", "#mountains", "#nature" ], "likes" : [ ] },
  { "_id" : "5b059badaaddd26a2761e9e7", "description" : "Еще одна дорога в никуда", "createdAt" : "2014-02-10T09:15:00.000Z", "author" : "PhotoLife", "photoLink" : "https://sun9-7.userapi.com/c840628/v840628235/5f578/6TmHkD-gUUo.jpg", "deleted" : false, "hashTags" : [ "#terribly", "#mountains", "#life", "#travel" ], "likes" : [ "Kristy133", "Mike_Cool_Guy", "Linda Clain" ] },
  { "_id" : "5b059f8d64bbe53344a6ab7c", "createdAt" : "2018-05-23T16:46:04.684Z", "hashTags" : [ "#life" ], "likes" : [ ], "description" : "Hi ", "author" : "Dima", "photoLink" : "assets/img/file-1527095173390-000024.JPG", "deleted" : true, "__v" : 0 },
  { "_id" : "5b05a3ef09cdda47c029145f", "createdAt" : "2018-05-23T17:24:41.733Z", "hashTags" : [ "#hello" ], "likes" : [ ], "description" : "hello", "author" : "Dima", "photoLink" : "assets/img/file-1527096293646-000023.JPG", "deleted" : true, "__v" : 0 },
  { "_id" : "5b05a49509cdda47c0291460", "createdAt" : "2018-05-23T17:24:41.733Z", "hashTags" : [ "#party" ], "likes" : [ ], "description" : "party", "author" : "Dima", "photoLink" : "assets/img/file-1527096460758-000021.JPG", "deleted" : true, "__v" : 0 },
  { "_id" : "5b05a51809cdda47c0291461", "createdAt" : "2018-05-23T17:24:41.733Z", "hashTags" : [ "#fr" ], "likes" : [ ], "description" : "fr", "author" : "Dima", "photoLink" : "assets/img/file-1527096596011-000013.JPG", "deleted" : true, "__v" : 0 },
  { "_id" : "5b05a571649541418cdf4837", "createdAt" : "2018-05-23T17:30:57.135Z", "hashTags" : [ "#ds" ], "likes" : [ ], "description" : "ds", "author" : "Dima", "photoLink" : "assets/img/file-1527096683886-000025.JPG", "deleted" : true, "__v" : 0 }]