[{"id":"1","description":"центр чего-то. ","createdAt":"2017-02-21T09:15:00.000Z","author":"Dantes","photoLink":"https://pp.userapi.com/c836128/v836128564/781db/oUTc-lJYU8Q.jpg","deleted":true,"hashTags":["#Warsaw","#travel","#happy"],"likes":["Veronikas","Dantes","Kuzmikas","Valaikas","Pasha"]},{"id":"2","description":"Лестница в прекрасной Праге.","createdAt":"2014-03-21T09:30:00.000Z","author":"Dantes","deleted":true,"hashTags":["#Prague","#Love","#Stairway"],"likes":["Veronikas","Dimaskas","Alexandras","Dima"]},{"id":"3","description":"Прекрасные цвета Варшавы <3","createdAt":"2014-03-24T10:12:00.000Z","author":"Dantes","photoLink":"https://pp.userapi.com/c836128/v836128564/781c7/WbPudXBrktI.jpg","deleted":true,"hashTags":["#Warsaw","#happy","#silence","#travel"],"likes":["Beauty_boy","Dimaskas","Money_maker"]},{"id":"4","description":"Гуляем по улицам прекрасной Варшавы","createdAt":"2014-02-10T05:10:00.000Z","author":"Kuzmikas","photoLink":"https://pp.userapi.com/c836128/v836128564/781bd/p5HCV9Ogpp4.jpg","deleted":false,"hashTags":["#Warsaw","#Poland","#travel","#life"],"likes":["Beauty_boy","Dimaskas","Money_maker","Veronikas","Dima"]},{"id":"5","description":"Главная площадь в Варшаве","createdAt":"2015-02-02T14:25:00.000Z","author":"Dima","photoLink":"https://pp.userapi.com/c836128/v836128564/781b3/orYNGnLFpIc.jpg","deleted":true,"hashTags":["#Warsaw","#Poland","#happy"],"likes":["Cool_boy","Funny Hourse","Eva Maria"]},{"id":"6","description":"Прогулка по Праге","createdAt":"2018-02-20T05:10:00.000Z","author":"Greg","deleted":true,"hashTags":["#Praha","#square","#people"],"likes":["Veronikas","Cool_boy","Funny Hourse","Eva Maria","Dima"]},{"id":"7","description":"Трамвайчик на улице Праги.","createdAt":"2015-01-17T17:18:00.000Z","author":"PhotoLife","photoLink":"https://pp.userapi.com/c836128/v836128564/7819f/PIG85Xh6GYI.jpg","deleted":false,"hashTags":["#photo","#travel","#interesting"],"likes":["Dantes"]},{"id":"8","description":"Дорога в никуда","createdAt":"2018-01-28T13:41:00.000Z","author":"PhotoLife","photoLink":"https://pp.userapi.com/c836128/v836128564/78195/Lzql3EPgQyA.jpg","deleted":false,"hashTags":["#photo","#life","#road","#night","#light"],"likes":["Kristy133","Cool_boy","MindyK","Nelly_Mole","Dantes","PhotoLife","Dima"]},{"id":"9","description":"Мотыльки...","createdAt":"2018-01-17T13:46:00.000Z","author":"Kristy133","photoLink":"https://pp.userapi.com/c836128/v836128564/78195/Lzql3EPgQyA.jpg","deleted":false,"hashTags":["#Prague","#Life"],"likes":["KevinAdams","Freddy14_03"]},{"id":"10","description":"Литва)))))))","createdAt":"2018-01-20T14:37:00.000Z","author":"KevinAdams","photoLink":"https://pp.userapi.com/c841130/v841130235/7615d/p6h6-Mq9Ynk.jpg","deleted":false,"hashTags":["#Vilnius","#Litva","#travel"],"likes":["Nik Reid","Linda Clain","MindyK","Dima"]},{"id":"11","description":"Клевая фоточка с клевого места","createdAt":"2018-02-01T11:38:00.000Z","author":"Mary Dale","photoLink":"https://pp.userapi.com/c824409/v824409235/d75fd/U9CskC6GHeM.jpg","deleted":false,"hashTags":["#Switzerland","#Berne","#home"],"likes":["Kristy133","Nelly_Mole","KevinAdams","MindyK","Mary Nice","Dima"]},{"id":"12","description":"Забрались и смотрим из крутого места на фонтачик...","createdAt":"2018-01-29T08:07:00.000Z","author":"KevinAdams","photoLink":"https://pp.userapi.com/c834300/v834300235/ddbb7/TPxaWfKpZoU.jpg","deleted":false,"hashTags":["#hashtag","#life","#travel","#water"],"likes":["Mary Dale","Mike_Cool_Guy","Nata_Travel","Dima"]},{"id":"13","description":"Классная гора","createdAt":"2013-01-15T12:43:00.000Z","author":"PhotoLife","photoLink":"https://pp.userapi.com/c834104/v834104235/db573/nSqaJbfcrbw.jpg","deleted":false,"hashTags":["#France","#beauty","#mountains","#nature"],"likes":[]},{"id":"14","description":"Еще одна дорога в никуда","createdAt":"2014-02-10T09:15:00.000Z","author":"PhotoLife","photoLink":"https://sun9-7.userapi.com/c840628/v840628235/5f578/6TmHkD-gUUo.jpg","deleted":false,"hashTags":["#terribly","#mountains","#life","#travel"],"likes":["Kristy133","Mike_Cool_Guy","Linda Clain"]},{"id":"15","description":"Гуляем по Литве","createdAt":"2018-01-26T11:54:00.000Z","author":"Mike_Cool_Guy","photoLink":"https://pp.userapi.com/c837332/v837332102/3de75/nVeBreXYT-g.jpg","deleted":false,"hashTags":["#Litva","#Vilnius","#Life"],"likes":["Cool_guy"]},{"id":"16","description":"Прикольные птички))))","createdAt":"2018-03-02T16:22:00.000Z","author":"PhotoLife","photoLink":"https://pp.userapi.com/c841236/v841236399/75a00/WTScqnwKses.jpg","deleted":false,"hashTags":["#France","#birds","dreams"],"likes":["Freddy","MindyK","Mary Nice"]},{"id":"17","description":"Вильнюс)))))))))))))))))","createdAt":"2018-01-20T14:37:00.000Z","author":"KevinAdams","photoLink":"https://pp.userapi.com/c837332/v837332102/3de63/6X1KqJ5ngcg.jpg","deleted":false,"hashTags":["#Vilnius","#Litva","#travel"],"likes":["Nik Reid","Linda Clain","Dantes","Dima"]},{"id":"18","description":"Красивая школа","createdAt":"2014-02-19T18:10:00.000Z","author":"Mary","photoLink":"https://pp.userapi.com/c834303/v834303399/dbbfd/6Yf14H7mjd8.jpg","deleted":false,"hashTags":["#pupil","#school","#magic"],"likes":["Mike_Cool_Guy","Mary Nice","KevinAdams","Dantes"]},{"id":"19","description":"Вокзал возле Дома","createdAt":"2018-01-12T20:50:00.000Z","author":"Dantes","photoLink":"https://pp.userapi.com/c841424/v841424399/773ea/OJ1B63EBlRU.jpg","deleted":false,"hashTags":["#hello",""],"likes":["Greg","Dima"]},{"id":"20","description":"Фонарь","createdAt":"2018-03-01T10:16:00.000Z","author":"Mike_Cool_Guy","photoLink":"https://pp.userapi.com/c638031/v638031102/1e439/hfjgkWiv2E4.jpg","deleted":true,"hashTags":["#life","#travel","#lights","#square"],"likes":["Dantes","Veronikas","Trello","Mary Dale"]},{"description":"","photoLink":"assets/img/file-1524032883569-hUgLF35Q-Dc.jpg","hashTags":["#me","#hello","#wer"],"author":"Dima","id":"22","createdAt":"2018-04-18T06:28:09.639Z","deleted":false,"likes":["Dima"]},{"description":"fds","photoLink":"assets/img/file-1524047059207-photo_2018-01-18_18-44-20.jpg","hashTags":["#serios"],"author":"Dima","id":"24","createdAt":"2018-04-18T10:24:26.624Z","deleted":true,"likes":["Dima"]},{"description":"studak","photoLink":"assets/img/file-1524047680719-1.jpg","hashTags":["#me"],"author":"Dima","id":"26","createdAt":"2018-04-18T10:34:51.534Z","deleted":true,"likes":[]},{"description":"rwe","photoLink":"assets/img/file-1524047777183-HOtKfI6pxAs.jpg","hashTags":["#erew"],"author":"Dima","id":"28","createdAt":"2018-04-18T10:36:23.126Z","deleted":true,"likes":[]}]