[{"id":"3","description":"description3","createdAt":"2018-03-14T13:20:00.000Z","author":"Vasia","photolink":"images/face.jpg","likes":["Vasia","Petia"],"hashtags":["#soocool","#2020"],"isDeleted":false},{"id":"2","description":"description2","createdAt":"2017-02-26T20:00:00.000Z","author":"Vasia","photolink":"images/face.jpg","likes":["Petia","Vasia"],"hashtags":["#cool","#2018"],"isDeleted":true},{"id":"5","description":"desi5","createdAt":"2015-02-26T20:00:00.000Z","author":"Vasia","photolink":"images/face.jpg","likes":["Petia","Vasia"],"hashtags":["#coo"],"isDeleted":false},{"id":"6","description":"description6","createdAt":"2018-03-26T20:00:00.000Z","author":"Vasia","photolink":"images/face.jpg","likes":["Petia"],"hashtags":["#cool","#2018"],"isDeleted":false},{"id":"7","description":"description7","createdAt":"2018-01-26T20:00:00.000Z","author":"Vasia","photolink":"images/face.jpg","likes":["Vasia","Petia"],"hashtags":["#cool","#2018"],"isDeleted":true},{"id":"8","description":"description8","createdAt":"2018-04-26T20:00:00.000Z","author":"Vasia","photolink":"images/face.jpg","likes":["Vasia","Petia"],"hashtags":["#cool","#2018"],"isDeleted":false},{"id":"9","description":"description9","createdAt":"2018-02-22T20:00:00.000Z","author":"Vasia","photolink":"images/face.jpg","likes":["Dima"],"hashtags":["#cool","#2018"],"isDeleted":true},{"id":"10","description":"description10","createdAt":"2018-02-23T20:00:00.000Z","author":"Vasia","photolink":"images/face.jpg","likes":["Vasia","Petia"],"hashtags":["#cool","#2018"],"isDeleted":false},{"id":"11","description":"description11","createdAt":"2018-02-21T20:00:00.000Z","author":"Vasia","photolink":"images/face.jpg","likes":["Vasia","Petia"],"hashtags":["#cool","#2018"],"isDeleted":true},{"id":"12","description":"description12","createdAt":"2018-03-14T13:20:00.000Z","author":"Vasia","photolink":"images/face.jpg","likes":["Petia"],"hashtags":["#cool","#2018"],"isDeleted":false},{"id":"13","description":"description13","createdAt":"2018-02-19T20:00:00.000Z","author":"Dima","photolink":"images/face.jpg","likes":["Petia","Vasia"],"hashtags":["#soocool","#2017"],"isDeleted":false},{"id":"14","description":"description14","createdAt":"2018-02-27T20:00:00.000Z","author":"Vasia","photolink":"images/face.jpg","likes":["Vasia","Petia"],"hashtags":["#2017"],"isDeleted":false},{"id":"15","description":"description15","createdAt":"2018-03-14T13:20:00.000Z","author":"Vasia","photolink":"images/face.jpg","likes":["Vasia","Petia"],"hashtags":["#soocool","#2017"],"isDeleted":false},{"id":"16","description":"description16","createdAt":"2018-03-14T13:20:00.000Z","author":"Vasia","photolink":"images/face.jpg","likes":["Petia"],"hashtags":["#cool","#2018"],"isDeleted":false},{"id":"17","description":"descri17!!!","createdAt":"2018-02-17T20:00:00.000Z","author":"Vasia","photolink":"images/face.jpg","likes":["Vasia"],"hashtags":["#cool","#2018"],"isDeleted":true},{"id":"18","description":"description18","createdAt":"2018-02-16T20:00:00.000Z","author":"Vasia","photolink":"images/face.jpg","likes":["Dima"],"hashtags":["#cool","#2018"],"isDeleted":true},{"id":"19","description":"description19","createdAt":"2018-02-15T20:00:00.000Z","author":"Vasia","photolink":"images/face.jpg","likes":["Vasia","Petia"],"hashtags":["#cool","#2018"],"isDeleted":true},{"id":"20","description":"description20","createdAt":"2018-02-14T20:00:00.000Z","author":"Vasia","photolink":"images/face.jpg","likes":["Petia","Vasia"],"hashtags":["#cool","#2018"],"isDeleted":true},{"id":"1","description":"description1","createdAt":"2018-02-26T20:00:00.000Z","author":"Dima","photolink":"images/face.jpg","likes":["Vasia"],"hashtags":["#cool","#2018"],"isDeleted":false},{"id":"27","description":"like","createdAt":"2018-05-27T15:44:47.745Z","author":"Vasia","photolink":"./images/file-1527435887677-like.jpg","likes":[],"hashtags":["#Like"],"isDeleted":true},{"id":"0","description":"likw","createdAt":"2018-05-27T17:34:54.221Z","author":"Vasia","photolink":"./images/file-1527442494168-like.jpg","likes":["Vasia"],"hashtags":["#Likesss"],"isDeleted":true},{"id":"4","description":"cam","createdAt":"2018-05-27T17:35:39.834Z","author":"Vasia","photolink":"./images/file-1527442539827-camera.png","likes":[],"hashtags":["#CAMER"],"isDeleted":true},{"id":"21","description":"ed","createdAt":"2018-05-27T17:48:21.459Z","author":"Vasia","photolink":"./images/file-1527443301450-edit.png","likes":["Vasia"],"hashtags":["#EDIT"],"isDeleted":true},{"id":"22","description":"arr","createdAt":"2018-05-27T18:03:30.129Z","author":"Vasia","photolink":"./images/file-1527444210119-arrow.jpg","likes":["Vasia"],"hashtags":["#arr"],"isDeleted":true},{"id":"23","description":"new","createdAt":"2018-05-27T18:05:53.844Z","author":"Vasia","photolink":"./images/file-1527444353833-user.png","likes":[],"hashtags":["#new"],"isDeleted":true},{"id":"30","description":"ar","createdAt":"2018-05-28T17:37:39.820Z","author":"Vasia","photolink":"./images/file-1527529059807-file-1527526269588-arrow.jpg","likes":[],"hashtags":["#newar"],"isDeleted":true},{"id":"31","description":"new","createdAt":"2018-05-28T17:41:13.792Z","author":"Vasia","photolink":"./images/file-1527529273778-file-1527528740787-file-1527444353833-user.png","likes":[],"hashtags":["#us"],"isDeleted":true},{"id":"32","description":"wor","createdAt":"2018-05-28T17:46:43.473Z","author":"Vasia","photolink":"./images/file-1527529603462-file-1527527323122-file-1527444353833-user.png","likes":["Vasia"],"hashtags":["#work"],"isDeleted":true},{"id":"33","description":"ed","createdAt":"2018-05-28T18:05:07.534Z","author":"Vasia","photolink":"./images/file-1527530707525-edit.png","likes":[],"hashtags":["#editing"],"isDeleted":false},{"id":"34","description":"lo","createdAt":"2018-05-28T18:07:41.503Z","author":"Vasia","photolink":"./images/file-1527530861447-like.jpg","likes":[],"hashtags":["#liking"],"isDeleted":false},{"id":"35","description":"cam","createdAt":"2018-05-28T18:09:12.598Z","author":"Vasia","photolink":"./images/file-1527530952543-camera.png","likes":[],"hashtags":["#camering"],"isDeleted":false},{"id":"24","description":"eu","createdAt":"2018-05-28T18:18:21.344Z","author":"Vasia","photolink":"./images/file-1527531501333-user.png","likes":[],"hashtags":["#usring"],"isDeleted":false},{"id":"25","description":"userf","createdAt":"2018-05-28T18:26:18.724Z","author":"Vasia","photolink":"./images/file-1527531978713-face.jpg","likes":[],"hashtags":["#userfacce"],"isDeleted":false},{"id":"26","description":"ar","createdAt":"2018-05-28T18:29:45.296Z","author":"Vasia","photolink":"./images/file-1527532185285-arrow.jpg","likes":[],"hashtags":["#arrowingggg"],"isDeleted":false}]