[{"id":"1","description":"центр чего-то. ","createdAt":"2017-02-21T09:15:00.000Z","author":"Dantes","photoLink":"https://pp.userapi.com/c836128/v836128564/781db/oUTc-lJYU8Q.jpg","deleted":true,"hashTags":["#Warsaw","#travel","#happy"],"likes":["Veronikas","Dantes","Kuzmikas","Valaikas","Pasha"]},{"id":"2","description":"Лестница в прекрасной Праге.","createdAt":"2014-03-21T09:30:00.000Z","author":"Dantes","deleted":true,"hashTags":["#Prague","#Love","#Stairway"],"likes":["Veronikas","Dimaskas","Alexandras","Dima"]},{"id":"3","description":"Прекрасные цвета Варшавы <3","createdAt":"2014-03-24T10:12:00.000Z","author":"Dantes","photoLink":"https://pp.userapi.com/c836128/v836128564/781c7/WbPudXBrktI.jpg","deleted":true,"hashTags":["#Warsaw","#happy","#silence","#travel"],"likes":["Beauty_boy","Dimaskas","Money_maker"]},{"id":"4","description":"Гуляем по улицам прекрасной Варшавы","createdAt":"2014-02-10T05:10:00.000Z","author":"Kuzmikas","photoLink":"https://pp.userapi.com/c836128/v836128564/781bd/p5HCV9Ogpp4.jpg","deleted":false,"hashTags":["#Warsaw","#Poland","#travel","#life"],"likes":["Beauty_boy","Dimaskas","Money_maker","Veronikas","Dima"]},{"id":"5","description":"Главная площадь в Варшаве","createdAt":"2015-02-02T14:25:00.000Z","author":"Dima","photoLink":"https://pp.userapi.com/c836128/v836128564/781b3/orYNGnLFpIc.jpg","deleted":true,"hashTags":["#Warsaw","#Poland","#happy"],"likes":["Cool_boy","Funny Hourse","Eva Maria"]},{"id":"6","description":"Прогулка по Праге","createdAt":"2018-02-20T05:10:00.000Z","author":"Greg","deleted":true,"hashTags":["#Praha","#square","#people"],"likes":["Veronikas","Cool_boy","Funny Hourse","Eva Maria","Dima"]},{"id":"7","description":"Трамвайчик на улице Праги.","createdAt":"2015-01-17T17:18:00.000Z","author":"PhotoLife","photoLink":"https://pp.userapi.com/c836128/v836128564/7819f/PIG85Xh6GYI.jpg","deleted":true,"hashTags":["#photo","#travel","#interesting"],"likes":["Dantes"]},{"id":"8","description":"Дорога в никуда","createdAt":"2018-01-28T13:41:00.000Z","author":"PhotoLife","photoLink":"https://pp.userapi.com/c836128/v836128564/78195/Lzql3EPgQyA.jpg","deleted":true,"hashTags":["#photo","#life","#road","#night","#light"],"likes":["Kristy133","Cool_boy","MindyK","Nelly_Mole","Dantes","PhotoLife","Dima"]},{"id":"9","description":"Мотыльки...","createdAt":"2018-01-17T13:46:00.000Z","author":"Kristy133","photoLink":"https://pp.userapi.com/c836128/v836128564/78195/Lzql3EPgQyA.jpg","deleted":false,"hashTags":["#Prague","#Life"],"likes":["KevinAdams","Freddy14_03"]},{"id":"10","description":"Литва)))))))","createdAt":"2018-01-20T14:37:00.000Z","author":"KevinAdams","photoLink":"https://pp.userapi.com/c841130/v841130235/7615d/p6h6-Mq9Ynk.jpg","deleted":false,"hashTags":["#Vilnius","#Litva","#travel"],"likes":["Nik Reid","Linda Clain","MindyK","Dima"]},{"id":"11","description":"Клевая фоточка с клевого места","createdAt":"2018-02-01T11:38:00.000Z","author":"Mary Dale","photoLink":"https://pp.userapi.com/c824409/v824409235/d75fd/U9CskC6GHeM.jpg","deleted":false,"hashTags":["#Switzerland","#Berne","#home"],"likes":["Kristy133","Nelly_Mole","KevinAdams","MindyK","Mary Nice","Dima"]},{"id":"12","description":"Забрались и смотрим из крутого места на фонтачик...","createdAt":"2018-01-29T08:07:00.000Z","author":"KevinAdams","photoLink":"https://pp.userapi.com/c834300/v834300235/ddbb7/TPxaWfKpZoU.jpg","deleted":false,"hashTags":["#hashtag","#life","#travel","#water"],"likes":["Mary Dale","Mike_Cool_Guy","Nata_Travel"]},{"id":"13","description":"Классная гора","createdAt":"2013-01-15T12:43:00.000Z","author":"PhotoLife","photoLink":"https://pp.userapi.com/c834104/v834104235/db573/nSqaJbfcrbw.jpg","deleted":true,"hashTags":["#France","#beauty","#mountains","#nature"],"likes":[]},{"id":"14","description":"Еще одна дорога в никуда","createdAt":"2014-02-10T09:15:00.000Z","author":"PhotoLife","photoLink":"https://sun9-7.userapi.com/c840628/v840628235/5f578/6TmHkD-gUUo.jpg","deleted":true,"hashTags":["#terribly","#mountains","#life","#travel"],"likes":["Kristy133","Mike_Cool_Guy","Linda Clain"]},{"id":"15","description":"Гуляем по Литве","createdAt":"2018-01-26T11:54:00.000Z","author":"Mike_Cool_Guy","photoLink":"https://pp.userapi.com/c837332/v837332102/3de75/nVeBreXYT-g.jpg","deleted":false,"hashTags":["#Litva","#Vilnius","#Life"],"likes":["Cool_guy"]},{"id":"16","description":"Прикольные птички))))","createdAt":"2018-03-02T16:22:00.000Z","author":"PhotoLife","photoLink":"https://pp.userapi.com/c841236/v841236399/75a00/WTScqnwKses.jpg","deleted":false,"hashTags":["#France","#birds","dreams"],"likes":["Freddy","MindyK","Mary Nice","Dima"]},{"id":"17","description":"Вильнюс)))))))))))))))))","createdAt":"2018-01-20T14:37:00.000Z","author":"KevinAdams","photoLink":"https://pp.userapi.com/c837332/v837332102/3de63/6X1KqJ5ngcg.jpg","deleted":false,"hashTags":["#Vilnius","#Litva","#travel"],"likes":["Nik Reid","Linda Clain","Dantes","Dima","PhotoLife"]},{"id":"18","description":"Красивая школа","createdAt":"2014-02-19T18:10:00.000Z","author":"Mary","photoLink":"https://pp.userapi.com/c834303/v834303399/dbbfd/6Yf14H7mjd8.jpg","deleted":false,"hashTags":["#pupil","#school","#magic"],"likes":["Mike_Cool_Guy","Mary Nice","KevinAdams","Dantes"]},{"id":"19","description":"Вокзал возле Дома","createdAt":"2018-01-12T20:50:00.000Z","author":"Dantes","photoLink":"https://pp.userapi.com/c841424/v841424399/773ea/OJ1B63EBlRU.jpg","deleted":false,"hashTags":["#hello",""],"likes":["Greg","Dima"]},{"id":"20","description":"Фонарь","createdAt":"2018-03-01T10:16:00.000Z","author":"Mike_Cool_Guy","photoLink":"https://pp.userapi.com/c638031/v638031102/1e439/hfjgkWiv2E4.jpg","deleted":false,"hashTags":["#life","#travel","#lights","#square"],"likes":["Dantes","Veronikas","Trello","Mary Dale"]},{"description":"dw","photoLink":"assets/img/file-1524397387330-aaaaaaaaaaaaa.jpg","hashTags":["#hello","#ds"],"id":"21","author":"Dima","createdAt":"2018-04-22T11:43:14.902Z","deleted":true,"likes":[]},{"description":"wq","photoLink":"assets/img/file-1524397416439-photo_2018-01-18_18-44-20.jpg","hashTags":["#ds"],"id":"22","author":"Dima","createdAt":"2018-04-22T11:43:41.513Z","deleted":true,"likes":[]},{"description":"hello","photoLink":"assets/img/file-1524397747169-photo_2018-01-18_18-44-20.jpg","hashTags":["#hello"],"id":"23","author":"Dima","createdAt":"2018-04-22T11:49:14.712Z","deleted":true,"likes":[]},{"description":"cancel","photoLink":"assets/img/file-1524397803534-cancel.png","hashTags":["#cancel"],"id":"24","author":"Dima","createdAt":"2018-04-22T11:50:12.446Z","deleted":false,"likes":[]},{"description":"bn","photoLink":"assets/img/file-1524397896625-aaaaaaaaaaaaa.jpg","hashTags":["#bn"],"id":"25","author":"Dima","createdAt":"2018-04-22T11:51:41.291Z","deleted":true,"likes":["Dima"]},{"description":"fgr","photoLink":"assets/img/file-1524397977130-aaaaaaaaaaaaa.jpg","hashTags":["#fgr"],"id":"26","author":"Dima","createdAt":"2018-04-22T11:53:05.421Z","deleted":true,"likes":[]},{"description":"lol","photoLink":"assets/img/file-1524398000464-aaaaaaaaaaaaa.jpg","hashTags":["#lo"],"id":"27","author":"Dima","createdAt":"2018-04-22T11:53:25.414Z","deleted":true,"likes":[]},{"description":"123","photoLink":"assets/img/file-1524398247011-hUgLF35Q-Dc.jpg","hashTags":["#123"],"id":"28","author":"Dima","createdAt":"2018-04-22T11:57:31.524Z","deleted":false,"likes":["Dima"]},{"description":"studak","photoLink":"assets/img/file-1524398259457-2.jpg","hashTags":["#studak",""],"id":"29","author":"Dima","createdAt":"2018-04-22T11:57:49.613Z","deleted":true,"likes":[]},{"description":"mrkgtr","photoLink":"assets/img/file-1524398778402-cancel.png","hashTags":["#mvnf","#wqe"],"id":"30","author":"Dima","createdAt":"2018-04-22T12:06:23.537Z","deleted":true,"likes":[]},{"description":"jdb","photoLink":"assets/img/file-1524398790450-contacts.png","hashTags":["#nfvnjnf"],"id":"31","author":"Dima","createdAt":"2018-04-22T12:06:34.842Z","deleted":true,"likes":[]},{"description":"vfv","photoLink":"assets/img/file-1524398801418-WdhpUWxAvz8.jpg","hashTags":["#fvfd"],"id":"32","author":"Dima","createdAt":"2018-04-22T12:06:46.690Z","deleted":true,"likes":[]},{"description":"bro","photoLink":"assets/img/file-1524402213540-WdhpUWxAvz8.jpg","hashTags":["#Hi","#bro"],"id":"33","author":"Dima","createdAt":"2018-04-22T13:03:51.974Z","deleted":false,"likes":["Dima"]},{"description":"ca","photoLink":"assets/img/file-1524402255607-cancel.png","hashTags":["#ca"],"id":"34","author":"Dima","createdAt":"2018-04-22T13:04:19.894Z","deleted":false,"likes":[]},{"description":"call me","photoLink":"assets/img/file-1524402441905-contacts.png","hashTags":["#call","#me","#now","#qw","",""],"id":"35","author":"Dima","createdAt":"2018-04-22T13:07:27.645Z","deleted":true,"likes":[]},{"description":"hello","photoLink":"assets/img/file-1524402599174-photo_2018-01-18_18-44-20.jpg","hashTags":["#passport"],"id":"36","author":"Dima","createdAt":"2018-04-22T13:10:06.547Z","deleted":true,"likes":[]},{"description":"ds","photoLink":"assets/img/file-1524409927624-aaaaaaaaaaaaa.jpg","hashTags":["#ds"],"id":"37","author":"Dima","createdAt":"2018-04-22T15:12:11.876Z","deleted":true,"likes":[]},{"description":"ew","photoLink":"assets/img/file-1524409948021-aaaaaaaaaaaaa.jpg","hashTags":["#ew"],"id":"38","author":"Dima","createdAt":"2018-04-22T15:12:32.566Z","deleted":true,"likes":[]},{"description":"jk","photoLink":"assets/img/file-1524410057636-arrow.png","hashTags":["#jk","#ew"],"id":"39","author":"Dima","createdAt":"2018-04-22T15:14:24.657Z","deleted":true,"likes":[]},{"description":"man","photoLink":"assets/img/file-1524410606738-Photo.png","hashTags":["#man",""],"id":"40","author":"Dima","createdAt":"2018-04-22T15:23:34.643Z","deleted":true,"likes":["Dima"]},{"description":"ew","photoLink":"assets/img/file-1524410628788-aaaaaaaaaaaaa.jpg","hashTags":["#d"],"id":"41","author":"Dima","createdAt":"2018-04-22T15:23:51.226Z","deleted":true,"likes":["Dima"]},{"description":"call me","photoLink":"assets/img/file-1524413312828-contacts.png","hashTags":["#call","#me"],"id":"42","author":"Dima","createdAt":"2018-04-22T16:08:41.772Z","deleted":true,"likes":[]},{"description":"ew","photoLink":"assets/img/file-1524413483845-google-icon.ico","hashTags":["#ew"],"id":"43","author":"Dima","createdAt":"2018-04-22T16:11:28.900Z","deleted":false,"likes":[]},{"description":"friends\n","photoLink":"assets/img/file-1524413511222-WdhpUWxAvz8.jpg","hashTags":["#friends"],"id":"44","author":"Dima","createdAt":"2018-04-22T16:12:02.650Z","deleted":false,"likes":[]}]